title,symbol,body,datetime,todaysDate,url,source,sentiment
Microsoft Amends Bylaws to Streamline Shareholder Nominations,MSFT ,Microsoft Corporation (NASDAQ:MSFT) is among the 11 best places to invest money without risk,2025-07-08T15:12:30.000Z,2025-07-09 19:51:50.376454,https://finance.yahoo.com/news/microsoft-amends-bylaws-streamline-shareholder-151230480.html,Yahoo Finance,
Microsoft Amends Bylaws to Streamline Shareholder Nominations,MSFT ,"On Monday, the Board of Directors of Microsoft Corporation (NASDAQ:MSFT) announced an amendment to the bylaws effective from July 1, 2025",2025-07-08T15:12:30.000Z,2025-07-09 19:51:50.376454,https://finance.yahoo.com/news/microsoft-amends-bylaws-streamline-shareholder-151230480.html,Yahoo Finance,
Microsoft Amends Bylaws to Streamline Shareholder Nominations,MSFT ,"The revision outlines a new process through which the shareholders can fix specific gaps in director nomination notices.
As the company’s filing with the Securities and Exchange Commission shows, the initiated bylaw provision applies to nomination notices filed within the timeframe outlined in the bylaws",2025-07-08T15:12:30.000Z,2025-07-09 19:51:50.376454,https://finance.yahoo.com/news/microsoft-amends-bylaws-streamline-shareholder-151230480.html,Yahoo Finance,
Microsoft Amends Bylaws to Streamline Shareholder Nominations,MSFT ,It’s as straightforward as it sounds,2025-07-08T15:12:30.000Z,2025-07-09 19:51:50.376454,https://finance.yahoo.com/news/microsoft-amends-bylaws-streamline-shareholder-151230480.html,Yahoo Finance,
Microsoft Amends Bylaws to Streamline Shareholder Nominations,MSFT ,"If a nomination notice possesses certain deficiencies, the shareholders will be informed, and they will then address the concerns",2025-07-08T15:12:30.000Z,2025-07-09 19:51:50.376454,https://finance.yahoo.com/news/microsoft-amends-bylaws-streamline-shareholder-151230480.html,Yahoo Finance,
Microsoft Amends Bylaws to Streamline Shareholder Nominations,MSFT ,"As Microsoft Corporation (NASDAQ:MSFT) states,
“For nomination notices received by the Company within the period specified in the Bylaws, the Company will notify shareholders of such deficiencies in the notice, and there will be an opportunity to cure such deficiencies.”
A development team working together to create the next version of Windows.
Just recently, analysts at D.A",2025-07-08T15:12:30.000Z,2025-07-09 19:51:50.376454,https://finance.yahoo.com/news/microsoft-amends-bylaws-streamline-shareholder-151230480.html,Yahoo Finance,
Microsoft Amends Bylaws to Streamline Shareholder Nominations,MSFT ,"Davidson raised the price target for Microsoft Corporation (NASDAQ:MSFT) to $600 from $500, reaffirming that the company is its top large-cap pick",2025-07-08T15:12:30.000Z,2025-07-09 19:51:50.376454,https://finance.yahoo.com/news/microsoft-amends-bylaws-streamline-shareholder-151230480.html,Yahoo Finance,
Microsoft Amends Bylaws to Streamline Shareholder Nominations,MSFT ,Much of this optimism is attributed to Azure’s continued growth momentum and evolving infrastructure strategy,2025-07-08T15:12:30.000Z,2025-07-09 19:51:50.376454,https://finance.yahoo.com/news/microsoft-amends-bylaws-streamline-shareholder-151230480.html,Yahoo Finance,
Microsoft Amends Bylaws to Streamline Shareholder Nominations,MSFT ,"Undoubtedly, the second-largest company is among the safest bets for stable returns.
Microsoft Corporation (NASDAQ:MSFT), headquartered in Washington, develops and manages software solutions globally",2025-07-08T15:12:30.000Z,2025-07-09 19:51:50.376454,https://finance.yahoo.com/news/microsoft-amends-bylaws-streamline-shareholder-151230480.html,Yahoo Finance,
Microsoft Amends Bylaws to Streamline Shareholder Nominations,MSFT ,"Incorporated in 1975, the company serves through three main segments: Productivity and Business Processes, Intelligent Cloud, and More Personal Computing",2025-07-08T15:12:30.000Z,2025-07-09 19:51:50.376454,https://finance.yahoo.com/news/microsoft-amends-bylaws-streamline-shareholder-151230480.html,Yahoo Finance,
Microsoft Amends Bylaws to Streamline Shareholder Nominations,MSFT ,"The giant aims to empower every person and enterprise to achieve more.
While we acknowledge the potential of MSFT as an investment, we believe certain AI stocks offer greater upside potential and carry less downside risk",2025-07-08T15:12:30.000Z,2025-07-09 19:51:50.376454,https://finance.yahoo.com/news/microsoft-amends-bylaws-streamline-shareholder-151230480.html,Yahoo Finance,
Microsoft Amends Bylaws to Streamline Shareholder Nominations,MSFT ,"If you're looking for an extremely undervalued AI stock that also stands to benefit significantly from Trump-era tariffs and the onshoring trend, see our free report on the best short-term AI stock.
READ NEXT: The Best and Worst Dow Stocks for the Next 12 Months and 10 Unstoppable Stocks That Could Double Your Money.
Disclosure: None.
Sign in to access your portfolio",2025-07-08T15:12:30.000Z,2025-07-09 19:51:50.376454,https://finance.yahoo.com/news/microsoft-amends-bylaws-streamline-shareholder-151230480.html,Yahoo Finance,
OpenSea Acquires Rally as It Continues to Pivot to Token Trading,RLY-USD ,"Non-fungible token (NFT) trading platform OpenSea has acquired Rally, the company behind Rally wallet, as it continues its pivot into token trading.
Terms of the acquisition remain undisclosed.
According to a press release shared with CoinDesk, OpenSea's chief technology officer Nadav Hollander will be handing over the role to Chris Maddern, Rally's CEO",2025-07-08T15:02:06.000Z,2025-07-09 19:52:30.482226,https://finance.yahoo.com/news/opensea-acquires-rally-continues-pivot-150206859.html,Yahoo Finance,
OpenSea Acquires Rally as It Continues to Pivot to Token Trading,RLY-USD ,"Rally co-founder Christine Hall will also join OpenSea as the company's chief of staff.
OpenSea will use the acquisition to strengthen its trading platform, which has been operating across 17 blockchains since it went live to the public in May.
“The Rally team shares our vision of a more accessible and delightful onchain trading experience for everyone,” said Devin Finzer, co-founder and CEO of OpenSea",2025-07-08T15:02:06.000Z,2025-07-09 19:52:30.482226,https://finance.yahoo.com/news/opensea-acquires-rally-continues-pivot-150206859.html,Yahoo Finance,
OpenSea Acquires Rally as It Continues to Pivot to Token Trading,RLY-USD ,"“We’re excited to bring their passion and expertise to OpenSea as we build the best place to discover, trade, and create onchain, with mobile at the forefront.”
Rally operates primarily as a crypto wallet, recently foraying into a mobile app that combines self custody with social features and multiple currencies.
OpenSea plans to integrate Rally’s wallet technology and mobile-first design into the platform as it moves towards becoming a fully-fledged trading platform.
“Joining OpenSea is a natural next step for Rally’s mission,” said Chris Maddern, incoming CTO of OpenSea",2025-07-08T15:02:06.000Z,2025-07-09 19:52:30.482226,https://finance.yahoo.com/news/opensea-acquires-rally-continues-pivot-150206859.html,Yahoo Finance,
OpenSea Acquires Rally as It Continues to Pivot to Token Trading,RLY-USD ,"“Together, we’ll accelerate the adoption of web3 by making it easier, safer, and more social to engage with digital assets, no matter where you are in your journey.”.
No further details were revealed about OpenSea's native OS token, which was announced in February.
Sign in to access your portfolio",2025-07-08T15:02:06.000Z,2025-07-09 19:52:30.482226,https://finance.yahoo.com/news/opensea-acquires-rally-continues-pivot-150206859.html,Yahoo Finance,
"Goldman Sachs Lifts Netflix, Inc. (NFLX) Price Target Ahead of Q2",NFLX ,"Netflix, Inc",2025-07-08T15:11:33.000Z,2025-07-09 19:53:38.843402,https://finance.yahoo.com/news/goldman-sachs-lifts-netflix-inc-151133178.html,Yahoo Finance,
"Goldman Sachs Lifts Netflix, Inc. (NFLX) Price Target Ahead of Q2",NFLX ,(NASDAQ:NFLX) is among the 11 best places to invest money without risk,2025-07-08T15:11:33.000Z,2025-07-09 19:53:38.843402,https://finance.yahoo.com/news/goldman-sachs-lifts-netflix-inc-151133178.html,Yahoo Finance,
"Goldman Sachs Lifts Netflix, Inc. (NFLX) Price Target Ahead of Q2",NFLX ,"Goldman Sachs has increased the price target for Netflix, Inc",2025-07-08T15:11:33.000Z,2025-07-09 19:53:38.843402,https://finance.yahoo.com/news/goldman-sachs-lifts-netflix-inc-151133178.html,Yahoo Finance,
"Goldman Sachs Lifts Netflix, Inc. (NFLX) Price Target Ahead of Q2",NFLX ,"(NASDAQ:NFLX) to $1,140.00 from $1,000.00, with an unchanged Neutral rating ahead of its upcoming Q2 2025 earnings",2025-07-08T15:11:33.000Z,2025-07-09 19:53:38.843402,https://finance.yahoo.com/news/goldman-sachs-lifts-netflix-inc-151133178.html,Yahoo Finance,
"Goldman Sachs Lifts Netflix, Inc. (NFLX) Price Target Ahead of Q2",NFLX ,"The firm anticipates the giant’s consumption habits, retention, monetization trends, and user growth to remain equally strong.
What the investors are truly looking forward to is the company’s content slate planned for the second half of 2025",2025-07-08T15:11:33.000Z,2025-07-09 19:53:38.843402,https://finance.yahoo.com/news/goldman-sachs-lifts-netflix-inc-151133178.html,Yahoo Finance,
"Goldman Sachs Lifts Netflix, Inc. (NFLX) Price Target Ahead of Q2",NFLX ,"From a competitive pricing position and future average revenue per member growth dynamics to the flow of pricing actions within developed markets, analysts believe that Netflix, Inc",2025-07-08T15:11:33.000Z,2025-07-09 19:53:38.843402,https://finance.yahoo.com/news/goldman-sachs-lifts-netflix-inc-151133178.html,Yahoo Finance,
"Goldman Sachs Lifts Netflix, Inc. (NFLX) Price Target Ahead of Q2",NFLX ,"(NASDAQ:NFLX) is like none other.
Goldman Sachs also underscored investor emphasis on the potential influence on subscriber engagement and retention trends stemming from the streaming powerhouse’s solid content lineup during the second half of this year",2025-07-08T15:11:33.000Z,2025-07-09 19:53:38.843402,https://finance.yahoo.com/news/goldman-sachs-lifts-netflix-inc-151133178.html,Yahoo Finance,
"Goldman Sachs Lifts Netflix, Inc. (NFLX) Price Target Ahead of Q2",NFLX ,"Additionally, the firm revised its forward estimates for Netflix, Inc",2025-07-08T15:11:33.000Z,2025-07-09 19:53:38.843402,https://finance.yahoo.com/news/goldman-sachs-lifts-netflix-inc-151133178.html,Yahoo Finance,
"Goldman Sachs Lifts Netflix, Inc. (NFLX) Price Target Ahead of Q2",NFLX ,"(NASDAQ:NFLX), driven by its intra-quarter research and the overall macroeconomic environment.
Netflix, Inc",2025-07-08T15:11:33.000Z,2025-07-09 19:53:38.843402,https://finance.yahoo.com/news/goldman-sachs-lifts-netflix-inc-151133178.html,Yahoo Finance,
"Goldman Sachs Lifts Netflix, Inc. (NFLX) Price Target Ahead of Q2",NFLX ,(NASDAQ:NFLX) is a California-based entertainment service provider that was incorporated in 1997,2025-07-08T15:11:33.000Z,2025-07-09 19:53:38.843402,https://finance.yahoo.com/news/goldman-sachs-lifts-netflix-inc-151133178.html,Yahoo Finance,
"Goldman Sachs Lifts Netflix, Inc. (NFLX) Price Target Ahead of Q2",NFLX ,"The main offerings of the company include television (TV) series, documentaries, feature films, and games",2025-07-08T15:11:33.000Z,2025-07-09 19:53:38.843402,https://finance.yahoo.com/news/goldman-sachs-lifts-netflix-inc-151133178.html,Yahoo Finance,
"Goldman Sachs Lifts Netflix, Inc. (NFLX) Price Target Ahead of Q2",NFLX ,"With a presence across 190 countries, the company is committed to entertaining the world.
While we acknowledge the potential of NFLX as an investment, we believe certain AI stocks offer greater upside potential and carry less downside risk",2025-07-08T15:11:33.000Z,2025-07-09 19:53:38.843402,https://finance.yahoo.com/news/goldman-sachs-lifts-netflix-inc-151133178.html,Yahoo Finance,
"Goldman Sachs Lifts Netflix, Inc. (NFLX) Price Target Ahead of Q2",NFLX ,"If you're looking for an extremely undervalued AI stock that also stands to benefit significantly from Trump-era tariffs and the onshoring trend, see our free report on the best short-term AI stock.
READ NEXT: The Best and Worst Dow Stocks for the Next 12 Months and 10 Unstoppable Stocks That Could Double Your Money.
Disclosure: None.
Sign in to access your portfolio",2025-07-08T15:11:33.000Z,2025-07-09 19:53:38.843402,https://finance.yahoo.com/news/goldman-sachs-lifts-netflix-inc-151133178.html,Yahoo Finance,
"Baird Raises Meta Platforms, Inc. (META) Price Target After AI Event",META ,"Meta Platforms, Inc",2025-07-08T15:09:33.000Z,2025-07-09 19:53:53.324423,https://finance.yahoo.com/news/baird-raises-meta-platforms-inc-150933699.html,Yahoo Finance,
"Baird Raises Meta Platforms, Inc. (META) Price Target After AI Event",META ,(NASDAQ:META) is among the 11 best places to invest money without risk,2025-07-08T15:09:33.000Z,2025-07-09 19:53:53.324423,https://finance.yahoo.com/news/baird-raises-meta-platforms-inc-150933699.html,Yahoo Finance,
"Baird Raises Meta Platforms, Inc. (META) Price Target After AI Event",META ,"Analysts at Baird increased the price target for Meta Platforms, Inc",2025-07-08T15:09:33.000Z,2025-07-09 19:53:53.324423,https://finance.yahoo.com/news/baird-raises-meta-platforms-inc-150933699.html,Yahoo Finance,
"Baird Raises Meta Platforms, Inc. (META) Price Target After AI Event",META ,"(NASDAQ:META) to $740.00 from $635.00, with an unchanged Outperform rating",2025-07-08T15:09:33.000Z,2025-07-09 19:53:53.324423,https://finance.yahoo.com/news/baird-raises-meta-platforms-inc-150933699.html,Yahoo Finance,
"Baird Raises Meta Platforms, Inc. (META) Price Target After AI Event",META ,"This surge follows the company’s “Conversations” event, which outlined AI-powered products and seamless integration with the giant’s Advantage+ advertising platform.
The research firm highlighted that the initiation of Commerce, Ads, and Agents across WhatsApp and Messenger platforms is a bold and important step to enhance incremental messaging revenues",2025-07-08T15:09:33.000Z,2025-07-09 19:53:53.324423,https://finance.yahoo.com/news/baird-raises-meta-platforms-inc-150933699.html,Yahoo Finance,
"Baird Raises Meta Platforms, Inc. (META) Price Target After AI Event",META ,"According to Baird, click-to-message (CTM) ads will translate to an impressive $15 billion to $20 billion run rate, with WhatsApp ads tracking toward as much as $10 billion over the next few years",2025-07-08T15:09:33.000Z,2025-07-09 19:53:53.324423,https://finance.yahoo.com/news/baird-raises-meta-platforms-inc-150933699.html,Yahoo Finance,
"Baird Raises Meta Platforms, Inc. (META) Price Target After AI Event",META ,"There’s nothing ordinary about these figures.
From expectations of $10 billion in revenue from additional subscriptions and fees to a total messaging monetization opportunity of approximately $40 billion to $50 billion, Meta Platforms, Inc",2025-07-08T15:09:33.000Z,2025-07-09 19:53:53.324423,https://finance.yahoo.com/news/baird-raises-meta-platforms-inc-150933699.html,Yahoo Finance,
"Baird Raises Meta Platforms, Inc. (META) Price Target After AI Event",META ,"(NASDAQ:META) can expect $100 per share contribution in enterprise value.
Meta Platforms, Inc",2025-07-08T15:09:33.000Z,2025-07-09 19:53:53.324423,https://finance.yahoo.com/news/baird-raises-meta-platforms-inc-150933699.html,Yahoo Finance,
"Baird Raises Meta Platforms, Inc. (META) Price Target After AI Event",META ,"(NASDAQ:META), headquartered in California, develops products that allow its users to connect and share with friends and family via mobile devices, personal computers, augmented reality, and other devices",2025-07-08T15:09:33.000Z,2025-07-09 19:53:53.324423,https://finance.yahoo.com/news/baird-raises-meta-platforms-inc-150933699.html,Yahoo Finance,
"Baird Raises Meta Platforms, Inc. (META) Price Target After AI Event",META ,"Founded in 2021, the company operates through two segments: Family of Apps (FoA) and Reality Labs (RL).
While we acknowledge the potential of META as an investment, we believe certain AI stocks offer greater upside potential and carry less downside risk",2025-07-08T15:09:33.000Z,2025-07-09 19:53:53.324423,https://finance.yahoo.com/news/baird-raises-meta-platforms-inc-150933699.html,Yahoo Finance,
"Baird Raises Meta Platforms, Inc. (META) Price Target After AI Event",META ,"If you're looking for an extremely undervalued AI stock that also stands to benefit significantly from Trump-era tariffs and the onshoring trend, see our free report on the best short-term AI stock.
READ NEXT: The Best and Worst Dow Stocks for the Next 12 Months and 10 Unstoppable Stocks That Could Double Your Money.
Disclosure: None.
Sign in to access your portfolio",2025-07-08T15:09:33.000Z,2025-07-09 19:53:53.324423,https://finance.yahoo.com/news/baird-raises-meta-platforms-inc-150933699.html,Yahoo Finance,
